ts,hotTop,outdoor,cold,supply,powerW,room,rh,setpoint,dew,status,season,rssi,kwhDay
2026-06-12 14:00:17,,,,,0,,,24.5,,HEAT,summer,-81,
2026-06-12 14:14:27,,,,,0,,,24.5,,HEAT,summer,-80,
2026-06-12 14:15:00,,,,,0,,,24.5,,HEAT,summer,-80,
2026-06-12 16:09:29,,,,,0,,,22.5,,HEAT,winter,-105,
2026-06-13 02:06:52,,,,,0,,,22.5,,HEAT,winter,-25,
2026-06-13 02:07:20,,,,,0,,,22.5,,HEAT,winter,-32,
2026-06-13 12:35:52,,,,,0,,,22.5,,HEAT,summer,-63,
2026-06-13 12:47:09,,,,,0,,,24.0,,HEAT,winter,-65,
2026-06-13 13:17:41,,,,,0,,,20.5,,HEAT,winter,-61,
2026-06-13 16:11:03,,,,,0,,,20.5,,HEAT,winter,-51,
2026-06-13 16:17:45,,,,,0,25.9,,22.5,,HEAT,winter,-63,
2026-06-13 16:32:29,,,,,0,25.8,,26.5,,HEAT,winter,-107,
2026-06-13 16:33:37,,,,,0,25.8,,26.5,,HEAT,winter,-102,
2026-06-13 16:33:44,,,,,0,25.8,,26.5,,HEAT,winter,-95,
2026-06-13 16:34:15,,,,,0,25.8,,26.5,,HEAT,winter,-104,
2026-06-13 16:36:27,,,,,0,25.6,,26.5,,HEAT,winter,-93,
2026-06-13 17:12:30,,,,,0,25.6,,28.0,,HEAT,winter,-93,
2026-06-13 17:13:50,,,,,0,25.7,,25.5,,HEAT,summer,-93,
2026-06-13 18:35:26,,,,,0,25.3,,22.0,,HEAT,summer,-61,
2026-06-14 01:51:36,,,,,0,25.6,,25.0,,HEAT,summer,-29,
2026-06-14 14:18:53,,,,,54,27.0,,25.0,,HEAT,summer,-34,0.0
2026-06-14 14:27:32,,,,,46,27.1,,25.0,,HEAT,summer,-39,0.0
2026-06-14 14:27:54,,,,,60,27.1,,25.0,,HEAT,summer,-36,0.0
2026-06-14 14:44:24,,,,,56,27.0,,25.0,,HEAT,summer,-43,0.0
2026-06-14 17:55:55,,,,,21,26.9,,25.0,,HEAT,summer,-48,0.1
2026-06-14 18:34:12,,,,,20,27.1,,25.0,,HEAT,summer,-54,0.2
2026-06-14 19:00:15,,,,,20,27.1,,25.0,,HEAT,summer,-54,0.2
2026-06-14 20:17:31,,,,,68,27.1,,25.0,,HEAT,summer,-93,0.2
2026-06-18 23:12:54,29.1,28.9,28.6,34.4,16,27.9,,21.5,,HEAT,summer,-49,0.1
2026-06-18 23:25:46,28.4,29.0,27.8,27.9,15,27.7,,21.5,,HEAT,summer,-46,0.1
2026-06-19 01:41:49,27.9,27.9,27.9,27.9,0,27.4,,23.0,,HEAT,winter,-50,0.0
2026-06-19 07:21:01,30.2,30.3,29.9,30.3,0,30.1,,23.0,,HEAT,winter,-51,0.0
2026-06-19 07:22:02,30.3,30.4,29.9,30.3,0,30.1,,24.5,,HEAT,winter,-51,0.0
2026-06-19 09:16:36,29.2,29.6,28.9,29.7,0,30.1,,24.5,,HEAT,winter,-44,0.0
2026-06-19 09:17:49,29.2,29.6,28.9,29.6,0,30.2,,26.0,,HEAT,summer,-45,0.0
2026-06-19 16:15:45,28.8,29.1,28.6,28.9,0,29.3,,26.0,,HEAT,summer,-54,0.0
2026-06-19 16:16:49,28.9,29.3,28.6,29.0,0,29.5,,26.0,,HEAT,summer,-54,0.0
2026-06-19 17:46:50,29.8,30.0,29.5,29.9,0,30.4,,26.0,,HEAT,summer,-54,0.0
2026-06-19 19:04:29,30.2,30.6,29.8,30.3,0,30.8,,26.0,,HEAT,summer,-47,0.0
2026-06-19 19:06:43,30.1,30.6,29.8,30.3,0,30.8,,26.0,,HEAT,summer,-47,0.0
2026-06-19 22:31:43,28.4,28.9,28.3,29.1,68,27.8,,26.0,,HEAT,summer,-46,0.0
2026-06-19 22:32:17,28.4,28.9,28.3,29.0,0,27.8,,26.0,,HEAT,summer,-50,0.0
2026-06-19 22:33:13,28.3,28.8,28.3,28.9,44,27.8,,26.0,,HEAT,winter,-46,0.0
2026-06-22 23:16:07,29.8,30.4,29.8,29.9,0,30.9,,26.0,,HEAT,winter,-45,0.0
2026-06-22 23:26:11,30.0,30.4,29.9,30.1,0,31.2,,30.0,,HEAT,winter,-42,0.0
2026-06-22 23:27:07,30.1,30.4,29.9,30.0,0,30.7,,30.0,,HEAT,winter,-42,0.0
2026-06-22 23:45:16,29.9,30.6,29.9,30.2,67,30.4,,26.0,,HEAT,winter,-41,0.0
2026-06-22 23:47:29,30.0,30.6,30.0,30.1,0,30.5,,26.0,,HEAT,summer,-46,0.0
2026-06-23 01:33:01,29.7,29.8,30.1,29.4,0,30.1,,26.0,,HEAT,summer,-37,0.0
2026-06-23 01:33:11,29.7,29.8,30.1,29.4,0,30.3,,26.0,,HEAT,summer,-37,0.0
2026-06-23 01:33:12,29.7,29.8,30.1,29.4,0,30.3,,26.0,,HEAT,summer,-37,0.0
2026-06-23 07:38:46,29.3,29.1,28.9,28.9,0,30.2,,26.0,,HEAT,summer,-36,0.2
2026-06-23 07:40:38,29.3,29.1,29.0,28.9,0,30.3,,26.0,,HEAT,summer,-36,0.2
2026-06-23 07:40:39,29.3,29.1,29.0,28.9,0,30.3,,26.0,,HEAT,summer,-36,0.2
2026-06-23 08:38:02,29.4,29.1,29.2,29.0,53,30.3,,24.0,,HEAT,summer,-48,0.2
2026-06-23 09:23:32,29.5,29.3,29.3,29.2,0,30.1,,24.0,,HEAT,summer,-48,0.2
2026-06-23 12:02:19,29.8,29.3,29.6,29.1,0,30.3,,24.5,,HEAT,summer,-48,0.3
2026-06-23 12:55:36,29.8,29.3,29.4,29.2,60,30.5,,24.5,,HEAT,summer,-47,0.3
2026-06-23 18:19:00,30.1,29.8,30.5,29.7,0,30.9,,24.5,,HEAT,summer,-47,0.4
2026-06-23 19:22:11,29.9,29.8,30.1,29.7,0,30.9,,24.5,,HEAT,summer,-47,0.4
2026-06-24 00:54:53,28.7,29.5,28.4,28.3,0,30.1,,25.0,,HEAT,summer,-55,0.0
2026-06-24 00:54:54,28.7,29.5,28.4,28.3,0,30.1,,25.0,,HEAT,summer,-55,0.0
2026-06-24 00:54:56,28.7,29.4,28.4,28.3,0,30.0,,25.0,,HEAT,summer,-45,0.0
2026-06-24 08:59:55,28.8,29.4,28.6,28.8,0,30.2,,24.0,,HEAT,summer,-55,0.0
2026-06-24 17:48:29,27.0,26.8,26.8,26.8,0,28.8,,24.0,,HEAT,summer,-65,0.0
2026-06-25 01:18:20,27.4,28.4,27.9,27.7,0,30.1,,21.5,,HEAT,summer,-40,0.0
2026-06-25 07:31:37,27.4,28.6,28.4,27.7,0,29.8,,21.5,,HEAT,summer,-38,0.0
2026-06-25 07:53:57,27.3,28.6,28.1,27.8,0,29.4,,21.5,,HEAT,summer,-55,0.0
2026-06-25 08:02:40,27.3,28.6,27.9,27.8,0,29.1,,21.5,,HEAT,summer,-55,0.0
2026-06-25 08:11:54,27.6,28.6,28.1,28.9,0,29.5,,21.5,,HEAT,summer,-55,0.0
2026-06-25 08:21:42,27.6,28.6,28.4,30.6,0,29.9,,21.5,,HEAT,summer,-55,0.0
2026-06-25 08:29:48,27.8,28.6,28.4,28.9,0,30.0,,21.5,,HEAT,summer,-50,0.0
2026-06-25 17:05:36,29.6,30.3,29.9,29.9,0,31.6,,21.5,,HEAT,summer,-43,0.0
2026-06-25 17:23:11,29.7,30.1,29.8,29.8,0,31.3,,21.5,,HEAT,summer,-43,0.0
2026-06-25 19:01:33,29.9,30.1,30.0,30.1,0,30.8,,21.5,,HEAT,summer,-41,0.0
2026-06-25 22:09:38,28.1,29.3,28.7,28.1,0,29.1,,21.5,,HEAT,summer,-44,0.0
2026-06-26 07:18:10,28.9,29.6,29.2,29.6,0,31.8,,21.5,,HEAT,summer,-45,0.0
2026-06-26 07:56:33,29.6,29.8,29.3,29.6,0,,,21.5,,HEAT,summer,-42,0.0
2026-06-26 08:02:21,29.4,29.6,29.3,29.6,0,,,21.5,,HEAT,summer,-42,0.0
2026-06-26 12:31:58,30.3,30.4,30.2,30.4,0,,,21.5,,HEAT,summer,-42,0.0
2026-06-26 17:03:51,30.5,30.8,30.5,30.7,0,,,21.5,,HEAT,summer,-43,0.0
2026-06-26 18:43:58,30.6,30.9,30.6,30.9,0,,,21.5,,HEAT,summer,-37,0.0
2026-06-26 18:44:08,30.6,30.9,30.6,30.9,0,,,21.5,,HEAT,summer,-52,0.0
2026-06-26 22:39:19,30.1,30.3,30.0,31.1,0,33.0,,21.5,,HEAT,summer,-51,0.0
2026-06-26 22:47:42,29.9,30.1,29.8,30.7,0,31.6,,21.5,,HEAT,summer,-56,0.0
2026-06-26 22:57:36,30.0,30.2,29.8,30.9,0,31.1,,21.5,,HEAT,summer,-55,0.0
2026-06-26 23:00:48,29.9,30.2,29.8,30.9,0,31.1,,21.5,,HEAT,summer,-55,0.0
2026-06-26 23:19:31,29.9,30.1,29.8,30.9,0,31.0,,21.5,,HEAT,summer,-55,0.0
2026-06-26 23:26:59,29.9,30.1,29.7,30.9,0,31.0,,21.5,,HEAT,summer,-55,0.0
2026-06-26 23:54:19,29.9,30.0,29.7,30.9,0,32.0,,21.5,,HEAT,summer,-71,0.0
2026-06-27 01:31:57,29.6,29.9,29.6,30.0,0,30.7,,24.0,,HEAT,summer,-58,0.0
2026-06-27 02:10:56,29.9,30.1,29.8,30.3,0,31.0,,24.0,,HEAT,summer,-56,0.0
2026-06-27 06:13:53,29.9,30.0,29.7,30.1,0,31.0,,24.0,,HEAT,summer,-56,0.0
2026-06-27 11:13:57,30.2,30.4,30.1,30.3,0,31.3,,24.0,,HEAT,summer,-55,0.0
2026-06-27 19:14:52,80.4,37.1,24.9,37.9,0,31.3,,25.5,,HEAT,summer,-105,0.3
2026-06-27 19:15:46,82.4,37.1,24.8,37.8,0,31.4,,25.5,,HEAT,summer,-105,0.3
2026-06-27 20:14:36,82.0,33.8,24.6,36.3,0,31.3,,25.5,,HEAT,summer,-102,0.3
2026-06-27 21:16:27,78.5,29.4,9.9,34.6,0,31.0,,27.0,,HEAT,summer,-102,0.3
2026-06-27 23:29:01,74.7,28.6,11.0,31.6,0,31.3,,26.5,,HEAT,summer,-101,0.3
2026-06-28 00:56:09,74.1,27.4,11.1,30.3,0,31.1,,26.5,,HEAT,summer,-100,0.0
2026-06-28 01:36:29,73.7,26.8,11.1,29.7,0,30.9,,26.5,,HEAT,summer,-100,0.0
2026-06-28 01:44:32,73.7,26.7,10.7,29.6,0,30.8,,26.5,,HEAT,summer,-101,0.0
2026-06-28 07:13:59,70.8,24.7,10.3,26.2,0,29.3,,26.5,,HEAT,summer,-102,0.0
2026-06-28 08:59:07,69.4,25.9,10.3,26.2,0,31.8,,26.5,,HEAT,summer,-101,0.0
2026-06-28 09:22:00,69.2,26.4,10.1,26.3,0,30.5,,26.5,,HEAT,summer,-109,0.0
2026-06-28 10:16:46,67.7,26.6,10.4,26.9,0,29.1,,30.0,,HEAT,summer,-112,0.0
2026-06-28 10:40:32,67.3,27.1,10.6,27.2,0,29.6,,30.0,,HEAT,summer,-108,0.0
2026-06-28 11:59:48,66.1,29.1,10.9,30.0,0,28.8,,30.0,,HEAT,summer,-105,0.0
2026-06-28 12:00:27,66.1,29.2,10.9,30.0,0,28.8,,30.0,,HEAT,summer,-105,0.0
2026-06-28 12:23:45,67.1,28.9,11.6,31.2,0,28.4,,30.0,,HEAT,summer,-102,0.0
2026-06-28 13:39:02,69.7,28.9,12.0,32.4,0,28.4,,27.0,,HEAT,summer,-113,0.0
2026-06-28 16:05:16,76.1,29.5,16.7,18.6,0,29.3,,27.0,,HEAT,summer,-101,0.0
2026-06-28 16:06:32,76.1,29.6,16.1,20.1,0,29.3,,27.0,,HEAT,summer,-103,0.0
2026-06-28 16:08:34,76.1,29.4,16.3,19.3,0,29.3,,27.0,,HEAT,summer,-101,0.0
2026-06-28 16:14:16,76.2,29.2,16.6,17.8,0,29.5,,27.0,,HEAT,summer,-100,0.0
2026-06-28 16:44:01,76.9,28.6,16.4,19.4,0,29.8,,26.5,,HEAT,summer,-98,0.0
2026-06-28 16:47:42,76.9,29.6,16.0,19.2,0,29.8,,26.5,,HEAT,summer,-101,0.0
2026-06-28 16:51:12,76.8,29.3,15.9,19.8,0,29.8,,26.5,,HEAT,summer,-100,0.0
2026-06-28 16:55:35,76.8,28.7,15.5,19.1,0,29.8,,26.5,,HEAT,summer,-102,0.0
2026-06-28 17:14:18,76.6,29.3,17.0,19.4,0,29.9,,26.5,,HEAT,summer,-103,0.0
2026-06-28 17:41:46,76.4,29.8,14.4,21.8,0,29.7,,26.5,,HEAT,summer,-103,0.0
2026-06-28 17:46:35,76.3,29.4,13.8,21.5,0,29.7,,26.5,,HEAT,summer,-103,0.0
2026-06-28 17:54:48,76.2,29.2,12.8,21.2,0,29.6,,26.5,,HEAT,summer,-102,0.0
2026-06-28 18:00:14,76.1,28.7,13.1,21.2,0,29.6,,26.5,,HEAT,summer,-102,0.0
2026-06-28 18:09:49,76.0,29.2,13.6,21.4,0,29.6,,26.5,,HEAT,summer,-102,0.0
2026-06-28 19:33:00,75.0,28.1,13.4,20.3,0,29.0,,26.5,,HEAT,summer,-105,0.0
2026-06-28 19:57:38,74.7,27.6,13.2,20.3,0,28.8,,26.5,,HEAT,summer,-104,0.0
2026-06-28 20:03:31,74.6,27.6,13.1,20.0,0,28.7,,26.5,,HEAT,summer,-104,0.0
2026-06-28 20:17:42,74.5,27.4,12.9,20.0,0,28.7,,26.5,,HEAT,summer,-105,0.0
2026-06-28 20:36:12,74.2,27.1,12.8,19.8,0,28.5,,26.5,,HEAT,summer,-106,0.0
2026-06-28 20:56:43,74.1,27.0,12.7,19.5,0,28.3,,26.5,,HEAT,summer,-105,0.0
2026-06-28 21:09:16,73.9,26.8,12.5,19.4,0,28.2,,26.5,,HEAT,summer,-104,0.0
2026-06-28 21:15:49,73.8,26.9,11.1,21.7,0,28.2,,27.5,,HEAT,summer,-104,0.0
2026-06-28 21:44:31,73.5,26.6,11.5,23.5,0,28.1,,27.5,,HEAT,summer,-103,0.0
2026-06-28 21:50:08,73.4,26.6,12.8,21.4,0,28.1,,26.5,,HEAT,summer,-103,0.0
2026-06-28 22:16:19,73.2,26.5,11.9,19.6,0,28.0,,26.5,,HEAT,summer,-104,0.0
2026-06-28 22:39:34,72.9,26.6,11.9,20.1,0,27.9,,26.5,,HEAT,summer,-104,0.0
2026-06-28 23:00:16,72.6,26.4,11.9,20.1,0,27.8,,26.5,,HEAT,summer,-104,0.0
2026-06-28 23:44:53,72.1,26.4,11.6,20.6,0,27.6,,26.5,,HEAT,summer,-103,0.0
2026-06-29 07:29:31,66.9,24.9,11.5,21.7,0,27.1,,26.5,,HEAT,summer,-108,0.0
2026-06-29 07:39:32,66.7,25.0,11.0,21.4,0,27.1,,27.0,,HEAT,summer,-108,0.0
2026-06-29 08:28:02,66.0,26.1,11.1,22.0,0,27.3,,27.0,,HEAT,summer,-107,0.0
2026-06-29 08:56:23,65.6,26.5,10.7,22.1,0,27.5,,27.0,,HEAT,summer,-106,0.0
2026-06-29 09:12:43,65.4,27.0,10.8,22.1,0,27.5,,27.0,,HEAT,summer,-106,0.0
2026-06-29 09:42:24,64.3,27.7,11.1,22.3,0,27.6,,27.0,,HEAT,summer,-108,0.0
2026-06-29 10:03:58,63.9,28.5,11.8,22.5,0,27.6,,27.0,,HEAT,summer,-106,0.0
2026-06-29 10:21:16,63.7,28.9,12.2,22.7,0,27.6,,27.0,,HEAT,summer,-107,0.0
2026-06-29 11:16:42,63.3,30.9,12.9,23.3,0,27.6,,27.0,,HEAT,summer,-106,0.0
2026-06-29 11:54:45,64.8,31.1,13.4,23.8,0,27.6,,27.0,,HEAT,summer,-107,0.0
2026-06-29 12:34:08,68.2,32.7,12.9,24.1,0,27.6,,27.0,,HEAT,summer,-108,0.0
2026-06-29 13:10:32,71.4,33.2,13.5,23.8,0,27.6,,27.0,,HEAT,summer,-107,0.0
2026-06-29 13:37:16,73.0,33.7,13.9,23.9,0,27.6,,27.0,,HEAT,summer,-106,0.0
2026-06-29 14:25:35,75.6,34.7,14.4,23.9,0,27.6,,27.0,,HEAT,summer,-104,0.0
2026-06-29 14:37:12,76.3,33.9,14.3,23.7,0,27.6,,27.0,,HEAT,summer,-106,0.0
2026-06-29 15:00:34,77.7,33.8,14.5,23.6,0,27.6,,27.0,,HEAT,summer,-103,0.0
2026-06-29 15:33:05,78.8,34.3,14.4,23.5,0,27.6,,27.0,,HEAT,summer,-105,0.0
2026-06-29 16:07:29,79.8,33.9,14.3,23.5,0,27.7,,27.0,,HEAT,summer,-105,0.0
2026-06-29 17:09:43,79.6,32.5,14.0,23.4,0,27.7,,27.0,,HEAT,summer,-105,0.0
2026-06-29 18:30:23,78.0,31.4,13.8,23.1,0,27.7,,27.0,,HEAT,summer,-104,0.0
2026-06-29 19:34:52,77.1,30.5,14.4,19.2,0,27.7,,26.0,,HEAT,summer,-104,0.0
2026-06-29 20:33:12,73.5,29.6,13.1,20.0,0,27.4,,26.0,,HEAT,summer,-106,0.0
2026-06-29 21:15:18,69.0,28.9,12.6,20.3,0,27.3,,26.0,,HEAT,summer,-105,0.0
2026-06-29 22:31:34,67.1,27.9,11.9,20.4,0,27.2,,21.0,,HEAT,summer,-107,0.0
2026-06-29 22:35:57,67.1,27.9,12.0,20.3,0,27.2,,21.0,,HEAT,summer,-108,0.0
2026-06-29 22:38:10,67.1,28.0,12.0,20.4,0,27.2,,21.0,,HEAT,summer,-109,0.0
2026-06-29 23:39:55,66.6,28.1,12.4,18.4,0,27.1,,26.5,,HEAT,summer,-107,0.0
2026-06-30 05:21:27,63.4,26.3,11.9,19.9,0,26.7,,26.0,,HEAT,summer,-107,0.0
2026-06-30 06:35:47,62.7,26.6,11.0,19.8,0,26.6,,26.0,,HEAT,summer,-107,0.0
2026-06-30 07:03:55,62.2,26.8,11.5,20.0,0,26.7,,26.0,,HEAT,summer,-107,0.0
2026-06-30 07:24:03,61.8,27.2,11.3,20.1,0,26.7,,26.0,,HEAT,summer,-109,0.0
2026-06-30 07:25:13,61.7,27.2,11.1,20.0,0,26.7,,27.0,,HEAT,summer,-108,0.0
2026-06-30 09:06:22,58.8,30.1,11.5,25.9,0,26.8,,27.0,,HEAT,summer,-107,0.0
2026-06-30 10:19:36,55.8,31.9,11.8,28.6,0,27.0,,27.0,,HEAT,summer,-106,0.0
2026-06-30 10:42:05,55.5,32.0,12.1,29.4,0,27.1,,27.0,,HEAT,summer,-106,0.0
2026-06-30 10:57:05,55.5,32.4,12.2,29.9,0,27.2,,27.0,,HEAT,summer,-107,0.0
2026-06-30 12:05:06,60.9,33.7,12.4,24.3,0,27.3,,27.0,,HEAT,summer,-104,0.0
2026-06-30 12:14:45,62.0,33.6,14.8,21.1,0,27.3,,27.0,,HEAT,summer,-104,0.0
2026-06-30 12:38:42,64.0,33.9,14.9,19.9,0,27.3,,27.0,,HEAT,summer,-105,0.0
2026-06-30 12:41:00,64.0,33.9,14.9,19.9,0,27.3,,27.0,,HEAT,summer,-105,0.0
2026-06-30 12:43:48,64.0,33.9,14.9,19.9,0,27.2,,27.0,,HEAT,summer,-105,0.0
2026-06-30 12:47:55,64.0,33.9,14.9,19.9,0,27.2,,27.0,,HEAT,summer,-105,0.0
2026-06-30 12:51:23,65.6,34.1,13.7,20.9,0,27.2,,27.0,,HEAT,summer,-105,0.0
2026-06-30 13:13:37,67.9,33.4,12.4,25.9,0,27.3,,27.0,,HEAT,summer,-105,0.0
2026-06-30 13:54:00,71.4,34.1,13.3,20.5,0,27.3,,27.0,,HEAT,summer,-106,0.0
2026-06-30 14:13:22,71.4,34.1,13.3,20.5,0,27.2,,27.0,,HEAT,summer,-106,0.0
2026-06-30 14:34:18,74.4,34.2,11.9,22.9,0,27.2,,27.0,,HEAT,summer,-105,0.0
2026-06-30 14:45:12,74.9,34.1,14.3,19.4,0,27.1,,26.5,,HEAT,summer,-106,0.0
2026-06-30 15:11:34,74.9,34.1,14.3,19.4,0,27.0,,26.5,,HEAT,summer,-106,0.0
2026-06-30 15:16:37,76.9,33.6,14.1,19.6,0,27.0,,26.5,,HEAT,summer,-106,0.0
2026-06-30 15:39:30,77.9,33.4,14.0,20.8,0,26.9,,26.5,,HEAT,summer,-106,0.0
2026-06-30 15:53:21,78.3,33.1,13.9,20.4,0,26.9,,26.5,,HEAT,summer,-105,0.0
2026-06-30 16:25:45,78.7,33.1,13.5,20.9,0,26.8,,26.5,,HEAT,summer,-107,0.0
2026-06-30 16:58:38,78.7,33.1,14.6,20.5,0,26.8,,26.5,,HEAT,summer,-107,0.0
2026-06-30 17:24:33,78.4,32.9,13.6,20.8,0,26.8,,26.5,,HEAT,summer,-106,0.0
2026-06-30 19:59:05,76.3,30.5,12.7,19.9,1422,27.1,,26.5,,HEAT,summer,-109,0.3
2026-06-30 20:08:36,76.1,30.3,12.8,19.9,1406,27.1,,26.5,,HEAT,summer,-108,0.5
2026-06-30 21:33:39,75.0,28.3,13.8,25.8,0,27.3,,26.5,,HEAT,summer,-91,0.7
2026-06-30 23:19:35,74.6,27.9,12.9,27.8,0,27.6,,26.5,,HEAT,summer,-90,0.7
2026-07-01 00:41:32,69.4,28.7,14.0,18.8,4644,27.6,,26.5,,HEAT,summer,-93,1.2
2026-07-01 02:17:58,68.2,27.6,10.8,18.8,0,27.4,,26.5,,HEAT,summer,-91,2.1
2026-07-01 02:56:54,66.2,27.2,12.1,17.8,3028,27.3,,26.5,,HEAT,summer,-90,3.3
2026-07-01 06:59:23,63.4,27.1,11.1,22.9,316,26.4,,26.5,,HEAT,summer,-91,10.4
2026-07-01 08:23:54,62.0,28.4,11.4,25.9,1916,26.8,,27.0,,HEAT,summer,-92,11.7
2026-07-01 09:02:19,61.4,28.9,11.3,26.9,1369,26.9,,27.0,,HEAT,summer,-92,12.4
2026-07-01 09:26:57,60.5,29.8,11.3,27.6,323,27.0,,27.0,,HEAT,summer,-92,12.8
2026-07-01 09:37:51,60.3,29.9,11.6,27.8,1255,27.0,,27.0,,HEAT,summer,-91,13.0
2026-07-01 10:15:32,59.9,31.0,11.9,28.7,1160,27.1,,27.0,,HEAT,summer,-92,13.6
2026-07-01 10:29:18,59.7,31.9,11.7,29.1,1386,27.2,,27.0,,HEAT,summer,-91,13.9
2026-07-01 11:15:48,59.3,34.6,16.4,20.1,4653,27.3,,27.0,,HEAT,summer,-92,15.4
2026-07-01 11:38:25,61.7,35.1,14.1,18.6,4671,27.4,,27.0,,HEAT,summer,-92,17.1
2026-07-01 11:49:09,62.9,36.1,13.9,18.6,4623,27.3,,27.0,,HEAT,summer,-92,17.9
2026-07-01 12:06:56,64.5,36.2,12.6,17.9,4668,27.3,,27.0,,HEAT,summer,-92,19.3
2026-07-01 12:40:17,67.7,36.2,13.0,18.3,4549,27.1,,27.0,,HEAT,summer,-91,21.6
2026-07-01 13:31:23,72.4,33.7,11.3,26.2,1649,26.9,,27.0,,HEAT,summer,-92,23.4
2026-07-01 13:48:05,73.7,32.5,11.9,28.1,1340,26.8,,27.0,,HEAT,summer,-91,23.6
2026-07-01 14:18:00,75.9,32.0,12.4,31.2,1556,26.9,,27.0,,HEAT,summer,-92,24.3
2026-07-01 16:12:21,77.6,30.9,12.0,35.9,2121,27.1,,27.0,,HEAT,summer,-92,26.4
2026-07-01 16:36:34,77.7,30.8,11.9,36.4,1482,27.2,,27.0,,HEAT,summer,-91,26.9
2026-07-01 17:24:48,77.4,29.1,17.4,19.9,4719,27.3,,27.0,,HEAT,summer,-90,28.1
2026-07-01 17:43:16,77.2,28.9,11.7,20.5,3920,27.3,,27.0,,HEAT,summer,-93,29.5
2026-07-01 17:47:51,77.2,28.9,11.7,18.9,3124,27.4,,27.0,,HEAT,summer,-91,29.8
2026-07-01 18:48:43,76.5,28.8,12.5,18.6,2478,27.2,,27.0,,HEAT,summer,-92,32.5
2026-07-01 18:55:21,76.4,28.3,11.3,20.5,1847,27.2,,27.0,,HEAT,summer,-92,32.8
2026-07-01 19:45:53,76.2,26.5,10.8,20.3,1750,27.2,,27.0,,HEAT,summer,-91,34.1
2026-07-01 21:24:45,73.1,25.8,13.6,20.0,2904,26.6,,26.5,,HEAT,summer,-92,36.7
2026-07-01 22:52:09,71.2,25.3,12.7,19.8,2287,26.6,,26.5,,HEAT,summer,-91,39.2
2026-07-01 23:20:14,70.9,24.8,11.3,19.5,398,26.6,,26.5,,HEAT,summer,-91,40.0
2026-07-02 06:10:45,65.9,23.3,10.5,24.3,323,26.7,,26.5,,HEAT,summer,-93,6.1
2026-07-02 06:48:37,63.7,23.0,11.3,19.2,2616,26.9,,26.5,,HEAT,summer,-92,7.0
2026-07-02 06:50:58,63.6,22.9,10.3,21.3,1626,26.9,,26.5,,HEAT,summer,-92,7.1
2026-07-02 06:53:09,63.4,23.2,9.2,21.6,321,26.9,,26.5,,HEAT,summer,-93,7.1
2026-07-02 09:00:14,56.2,26.3,11.1,20.0,1755,26.7,,26.5,,HEAT,summer,-93,10.6
2026-07-02 09:30:30,56.0,26.9,11.0,19.8,1311,26.6,,26.5,,HEAT,summer,-92,11.4
2026-07-02 10:43:08,51.7,29.1,11.1,23.5,331,26.6,,26.5,,HEAT,summer,-94,13.0
2026-07-02 11:00:39,51.1,29.6,11.4,24.3,1550,26.6,,26.5,,HEAT,summer,-95,13.3
2026-07-02 11:54:43,58.1,31.8,12.0,29.6,1568,26.7,,26.5,,HEAT,summer,-94,14.3
2026-07-02 12:46:57,63.7,31.3,13.9,18.8,4680,26.8,,26.5,,HEAT,summer,-95,16.7
2026-07-02 13:25:17,67.1,31.9,11.4,20.6,334,26.6,,26.5,,HEAT,summer,-93,18.9
2026-07-02 13:26:17,67.4,32.7,12.9,19.6,3148,26.6,,26.5,,HEAT,summer,-95,18.9
2026-07-02 14:22:37,72.2,31.7,12.4,26.5,1548,26.5,,26.5,,HEAT,summer,-93,20.7
2026-07-02 14:39:02,73.5,31.7,12.8,28.1,1741,26.6,,26.5,,HEAT,summer,-94,21.0
2026-07-02 15:53:23,77.3,30.7,16.8,19.9,4715,26.8,,26.5,,HEAT,summer,-92,23.0
2026-07-02 16:03:51,77.6,29.8,12.6,19.1,3216,26.8,,26.5,,HEAT,summer,-93,23.8
2026-07-02 16:54:10,78.0,29.5,13.3,19.2,2522,26.6,,26.5,,HEAT,summer,-93,25.9
2026-07-02 17:23:59,77.7,29.2,11.5,21.1,396,26.5,,26.5,,HEAT,summer,-93,27.1
2026-07-02 19:19:43,76.6,28.3,11.8,29.4,329,26.7,,26.5,,HEAT,summer,-92,28.9
2026-07-02 19:53:29,76.3,27.7,11.9,30.7,334,26.8,,26.5,,HEAT,summer,-92,29.4
2026-07-02 20:14:22,76.1,28.0,13.3,18.5,3952,26.8,,26.5,,HEAT,summer,-93,30.6
2026-07-02 20:27:55,75.9,27.8,12.6,18.7,3036,26.7,,26.5,,HEAT,summer,-93,31.1
2026-07-02 23:11:39,73.6,24.9,11.2,26.1,1673,26.6,,26.5,,HEAT,summer,-93,34.4
2026-07-03 07:20:36,66.8,26.7,10.3,22.4,1163,26.6,,26.5,,HEAT,summer,-91,13.5
2026-07-03 10:35:50,60.7,32.1,11.6,20.2,1907,26.6,,26.5,,HEAT,summer,-93,18.7
2026-07-03 10:50:47,60.6,32.2,11.8,20.2,1863,26.6,,26.5,,HEAT,summer,-92,19.2
2026-07-03 11:20:15,59.9,32.7,12.2,20.1,2045,26.6,,26.5,,HEAT,summer,-93,20.2
2026-07-03 12:11:09,65.2,33.0,12.0,27.4,339,26.4,,26.5,,HEAT,summer,-92,21.5
2026-07-03 12:30:32,67.0,32.5,13.5,29.4,4615,26.5,,26.5,,HEAT,summer,-92,22.8
2026-07-03 14:03:32,74.7,32.8,17.4,20.2,4688,26.8,,26.5,,HEAT,summer,-92,26.7
2026-07-03 15:08:29,76.6,32.3,14.0,20.2,4308,26.8,,26.5,,HEAT,summer,-93,31.7
2026-07-03 15:57:19,78.1,32.2,13.6,20.2,3339,26.8,,26.5,,HEAT,summer,-92,34.3
2026-07-03 16:13:51,78.4,32.2,13.3,21.2,2093,26.8,,26.5,,HEAT,summer,-93,35.0
2026-07-03 16:38:49,78.7,32.1,13.4,21.1,2604,26.8,,26.5,,HEAT,summer,-93,36.1
2026-07-03 17:23:51,78.3,31.3,13.0,20.8,2327,26.7,,26.5,,HEAT,summer,-93,38.0
2026-07-03 17:35:02,78.2,31.2,13.1,20.8,2595,26.7,,26.5,,HEAT,summer,-91,38.4
2026-07-03 19:08:49,76.8,29.9,11.9,21.4,1343,26.8,,26.5,,HEAT,summer,-92,42.2
2026-07-03 20:57:02,69.5,28.3,11.9,21.6,1174,27.0,,26.5,,HEAT,summer,-92,45.0
2026-07-04 07:24:10,58.3,27.4,11.2,20.9,1813,26.7,,26.5,,HEAT,summer,-94,10.2
2026-07-04 11:14:24,55.7,31.6,11.8,20.9,1766,26.7,,26.5,,HEAT,summer,-93,16.5
2026-07-04 11:31:21,55.2,31.4,11.9,21.0,1636,26.8,,26.5,,HEAT,summer,-93,17.0
2026-07-04 13:17:49,64.4,31.2,22.5,31.1,4750,27.4,,26.5,,HEAT,summer,-96,17.6
2026-07-04 16:59:44,67.9,31.0,15.8,22.2,4655,27.3,,26.5,,HEAT,summer,-93,30.0
2026-07-04 17:02:57,67.8,30.7,14.4,21.9,4707,27.3,,26.5,,HEAT,summer,-91,30.2
2026-07-04 17:16:42,67.3,30.6,13.2,20.9,4686,27.3,,26.5,,HEAT,summer,-92,31.3
2026-07-04 17:27:03,67.1,31.6,18.0,22.5,0,27.3,,26.5,,HEAT,summer,-93,31.4
2026-07-04 17:29:10,67.1,31.1,18.8,23.4,3550,27.2,,26.5,,HEAT,summer,-93,31.4
2026-07-04 17:49:18,66.6,30.9,13.3,23.3,0,27.3,,26.5,,HEAT,summer,-91,32.7
2026-07-04 18:22:49,66.1,30.3,17.1,22.4,1492,27.2,,26.5,,HEAT,summer,-90,33.9
2026-07-04 18:39:12,65.9,30.3,12.8,21.5,0,27.2,,26.5,,HEAT,summer,-90,35.1
2026-07-04 19:04:22,65.6,29.3,12.6,22.4,0,27.1,,26.5,,HEAT,summer,-91,36.1
2026-07-04 20:07:26,64.7,28.4,15.5,20.5,4718,26.9,,26.5,,HEAT,summer,-92,38.6
2026-07-04 21:15:13,64.1,27.6,13.1,20.3,4721,26.8,,26.5,,HEAT,summer,-92,41.0
2026-07-04 21:26:46,63.9,27.4,14.2,21.9,0,26.8,,26.5,,HEAT,summer,-92,41.1
2026-07-04 22:48:28,60.9,27.5,12.6,21.8,0,26.7,,26.5,,HEAT,summer,-91,43.9
2026-07-04 22:53:22,60.9,27.6,13.2,21.7,0,26.7,,26.5,,HEAT,summer,-91,43.9
2026-07-05 08:05:46,56.1,25.1,14.6,20.1,4714,26.7,,26.5,,HEAT,summer,-90,12.3
2026-07-05 08:57:51,55.6,26.9,14.0,19.7,4752,26.8,,26.5,,HEAT,summer,-90,13.8
2026-07-05 09:29:35,54.9,28.0,13.4,19.4,4737,26.8,,26.5,,HEAT,summer,-91,14.6
2026-07-05 09:53:24,54.6,27.4,15.5,21.0,1367,26.8,,26.5,,HEAT,summer,-92,14.7
2026-07-05 11:19:37,53.1,27.8,14.9,21.5,0,26.8,,26.5,,HEAT,summer,-90,16.0
2026-07-05 12:02:28,57.6,28.6,12.8,22.4,0,26.8,,26.5,,HEAT,summer,-92,17.4
2026-07-05 13:02:11,61.6,28.4,13.8,21.4,0,26.7,,26.5,,HEAT,summer,-90,18.9
2026-07-05 14:11:01,66.6,29.4,14.4,20.4,4732,26.7,,26.5,,HEAT,summer,-93,23.1
2026-07-05 14:46:31,66.9,29.1,13.1,21.5,0,26.6,,26.5,,HEAT,summer,-91,24.9
2026-07-05 15:07:21,66.9,30.0,12.9,21.7,123,26.6,,26.5,,HEAT,summer,-90,25.8
2026-07-05 15:28:52,66.9,29.3,18.4,21.5,4707,26.7,,26.5,,HEAT,summer,-92,26.7
2026-07-05 15:54:32,67.7,29.4,17.8,20.8,4691,26.7,,26.5,,HEAT,summer,-90,28.7
2026-07-05 16:20:43,68.6,29.4,17.1,20.6,4713,26.6,,26.5,,HEAT,summer,-90,30.7
2026-07-05 17:04:25,69.3,29.9,12.9,23.4,115,26.5,,26.5,,HEAT,summer,-91,34.1
2026-07-05 17:04:34,69.3,29.9,12.9,23.4,115,26.5,,26.5,,HEAT,summer,-91,34.1
2026-07-05 17:14:34,69.2,30.3,17.6,25.0,345,26.4,,26.5,,HEAT,summer,-91,34.1
2026-07-05 17:16:36,69.2,30.3,18.1,25.4,4264,26.5,,26.5,,HEAT,summer,-89,34.2
2026-07-05 17:35:04,69.1,29.6,15.8,27.1,0,26.5,,26.5,,HEAT,summer,-88,35.2
2026-07-05 18:04:22,68.7,31.1,17.4,28.2,4633,26.5,,26.5,,HEAT,summer,-90,36.2
2026-07-05 19:12:41,67.9,28.3,12.1,29.1,0,26.7,,26.5,,HEAT,summer,-90,37.8
2026-07-05 20:31:24,66.8,27.0,12.6,23.4,0,26.5,,26.5,,HEAT,summer,-91,40.4
2026-07-05 20:57:21,66.5,26.4,10.3,25.0,0,26.5,,26.5,,HEAT,summer,-90,40.9
2026-07-05 22:02:57,65.2,25.6,13.9,25.3,0,26.6,,26.5,,HEAT,summer,-90,41.4
2026-07-05 23:15:11,64.3,24.7,16.3,20.9,0,26.8,,26.5,,HEAT,summer,-91,42.3
2026-07-06 00:04:10,63.8,25.3,18.3,21.2,4220,26.6,,26.5,,HEAT,summer,-91,0.1
2026-07-06 07:01:01,60.2,24.5,12.4,22.8,0,26.5,,26.5,,HEAT,summer,-93,8.0
2026-07-06 08:27:32,58.9,26.4,16.1,19.6,4750,26.8,,26.5,,HEAT,summer,-92,8.6
2026-07-06 08:55:29,58.5,27.0,12.6,20.6,0,26.6,,26.5,,HEAT,summer,-92,9.9
2026-07-06 10:07:45,56.5,28.3,10.6,25.7,0,26.6,,26.5,,HEAT,summer,-91,10.5
2026-07-06 10:45:34,55.8,28.6,11.1,27.1,0,26.7,,26.5,,HEAT,summer,-91,10.5
2026-07-06 10:49:33,55.8,28.7,13.2,27.2,0,26.8,,27.0,,HEAT,summer,-92,10.5
2026-07-06 11:28:12,55.8,29.4,12.4,28.1,0,26.8,,27.0,,HEAT,summer,-91,12.1
2026-07-06 11:45:06,58.3,29.6,13.5,29.0,2834,26.9,,27.0,,HEAT,summer,-91,12.5
2026-07-06 12:14:16,61.5,30.2,13.1,30.5,0,26.9,,27.0,,HEAT,summer,-91,13.2
2026-07-06 13:25:39,67.4,30.6,13.6,32.6,4709,27.1,,27.0,,HEAT,summer,-90,17.0
2026-07-06 13:26:22,67.5,30.4,13.4,32.6,4701,27.1,,26.5,,HEAT,summer,-91,17.1
2026-07-06 13:58:06,70.2,30.8,17.9,20.3,4648,26.9,,26.5,,HEAT,summer,-91,19.6
2026-07-06 14:43:08,73.3,30.4,18.5,21.1,4700,26.6,,26.5,,HEAT,summer,-92,23.1
2026-07-06 15:15:27,74.9,31.3,16.6,27.4,0,26.5,,26.5,,HEAT,summer,-92,24.9
2026-07-06 16:29:31,76.4,31.3,13.1,33.0,2577,26.8,,26.5,,HEAT,summer,-91,27.4
2026-07-06 16:50:05,76.5,31.2,18.1,19.8,4714,26.8,,26.5,,HEAT,summer,-92,28.1
2026-07-06 17:16:11,76.2,30.6,18.3,22.4,4665,26.7,,26.5,,HEAT,summer,-92,30.2
2026-07-06 17:27:19,76.1,30.5,18.1,21.5,4723,26.7,,26.5,,HEAT,summer,-93,31.0
2026-07-06 17:38:09,76.0,30.3,18.1,21.4,4686,26.7,,26.5,,HEAT,summer,-92,31.9
2026-07-06 17:55:05,75.8,30.8,18.6,21.1,4723,26.6,,26.5,,HEAT,summer,-93,33.2
2026-07-06 18:20:48,75.4,30.2,13.1,26.1,0,26.6,,26.5,,HEAT,summer,-90,35.2
2026-07-06 20:54:49,72.9,26.9,13.4,20.7,0,26.6,,26.5,,HEAT,summer,-93,39.5
2026-07-06 21:19:25,72.2,26.6,15.9,20.4,0,26.6,,26.5,,HEAT,summer,-91,40.3
2026-07-06 21:58:31,70.9,26.6,12.0,21.4,0,26.5,,26.5,,HEAT,summer,-92,41.6
2026-07-07 02:22:57,67.3,23.4,14.6,23.1,0,26.7,,26.5,,HEAT,summer,-90,1.8
2026-07-07 04:26:40,65.4,22.8,13.8,21.6,0,26.6,,26.5,,HEAT,summer,-91,4.6
2026-07-07 07:48:44,62.4,24.9,8.8,23.9,0,26.7,,26.5,,HEAT,summer,-91,5.5
2026-07-07 08:17:39,60.4,25.8,9.5,24.4,0,26.8,,26.5,,HEAT,summer,-90,5.5
2026-07-07 10:21:43,54.9,29.8,15.0,21.6,607,26.5,,26.5,,HEAT,summer,-90,9.1
2026-07-07 11:09:39,54.4,30.4,13.3,25.0,0,26.6,,26.5,,HEAT,summer,-90,9.8
2026-07-07 11:58:34,60.2,31.2,14.2,29.8,0,26.6,,26.5,,HEAT,summer,-90,9.8
2026-07-07 12:19:02,62.6,31.8,14.6,31.4,0,26.7,,26.5,,HEAT,summer,-90,9.8
2026-07-07 12:40:17,64.7,32.1,14.9,32.9,0,26.7,,26.5,,HEAT,summer,-90,9.8
2026-07-07 13:25:39,69.2,32.6,17.1,20.9,1762,26.8,,26.5,,HEAT,summer,-91,10.4
2026-07-07 13:43:31,70.8,31.9,15.3,19.5,4720,26.7,,26.5,,HEAT,summer,-90,11.8
2026-07-07 14:07:27,72.9,32.4,12.8,20.9,0,26.6,,26.5,,HEAT,summer,-91,13.5
2026-07-07 14:53:20,76.0,32.6,12.8,28.1,0,26.5,,26.5,,HEAT,summer,-91,14.5
2026-07-07 14:54:46,76.1,32.1,12.7,28.3,0,26.5,,26.5,,HEAT,summer,-90,14.5
2026-07-07 15:42:06,78.4,32.8,13.1,33.6,0,26.6,,26.5,,HEAT,summer,-89,14.5
2026-07-07 16:01:15,78.9,32.6,13.1,35.0,0,26.6,,26.5,,HEAT,summer,-90,14.5
2026-07-07 16:24:14,79.3,32.5,13.3,36.2,0,26.7,,26.5,,HEAT,summer,-91,14.5
2026-07-07 17:07:32,79.1,32.9,14.7,36.1,4723,26.8,,26.5,,HEAT,summer,-90,15.9
2026-07-07 17:29:01,78.9,32.2,18.8,25.8,4718,26.8,,26.5,,HEAT,summer,-90,16.7
2026-07-07 17:32:32,78.9,32.3,17.8,20.1,4706,26.8,,26.5,,HEAT,summer,-90,17.0
2026-07-07 17:47:33,78.7,32.1,17.7,20.6,4712,26.7,,26.5,,HEAT,summer,-90,18.1
2026-07-07 18:14:54,78.5,32.6,15.5,20.2,4708,26.7,,26.5,,HEAT,summer,-90,20.3
2026-07-07 18:23:59,78.4,31.8,14.9,19.7,4717,26.7,,26.5,,HEAT,summer,-90,21.0
2026-07-07 18:55:08,78.0,30.4,14.4,18.6,4704,26.6,,26.5,,HEAT,summer,-89,23.4
2026-07-07 19:16:54,77.7,30.3,13.5,22.4,0,26.5,,26.5,,HEAT,summer,-90,24.6
2026-07-07 20:08:08,76.9,28.8,14.4,19.0,341,26.8,,26.5,,HEAT,summer,-89,26.6
2026-07-07 20:12:56,76.6,28.8,16.3,19.8,1787,26.8,,26.5,,HEAT,summer,-90,26.6
2026-07-07 20:17:26,76.3,28.8,16.3,21.4,1621,26.8,,26.5,,HEAT,summer,-90,26.8
2026-07-07 20:27:33,75.5,28.7,17.2,20.7,2414,26.8,,26.5,,HEAT,summer,-89,27.1
2026-07-07 20:39:26,74.6,28.0,16.5,20.5,1774,26.7,,26.5,,HEAT,summer,-90,27.5
2026-07-07 21:01:17,73.6,27.6,16.5,20.4,1741,26.8,,26.5,,HEAT,summer,-90,28.2
2026-07-07 21:46:34,72.3,26.0,14.9,22.3,344,26.5,,26.5,,HEAT,summer,-90,29.4
2026-07-07 22:09:07,71.5,25.6,15.9,24.4,347,26.6,,26.5,,HEAT,summer,-88,29.8
2026-07-07 22:19:28,71.2,25.6,16.2,24.8,1530,26.6,,26.5,,HEAT,summer,-89,30.0
2026-07-07 22:36:50,71.0,25.4,15.7,25.1,908,26.7,,26.5,,HEAT,summer,-89,30.2
2026-07-07 23:05:20,70.6,25.8,15.5,25.6,338,26.7,,26.5,,HEAT,summer,-88,30.5
2026-07-07 23:15:23,69.9,25.9,15.6,25.9,342,26.7,,26.5,,HEAT,summer,-88,30.6
2026-07-08 03:17:46,65.7,24.2,15.3,24.2,333,26.7,,26.5,,HEAT,summer,-89,3.6
2026-07-08 07:18:10,63.4,23.7,14.9,22.8,990,26.7,,26.5,,HEAT,summer,-90,6.9
2026-07-08 07:30:55,62.9,23.9,14.9,22.9,1947,26.7,,26.5,,HEAT,summer,-88,7.0
2026-07-08 08:07:10,61.9,25.4,14.9,23.6,330,26.7,,26.5,,HEAT,summer,-89,7.3
2026-07-08 08:19:56,61.6,25.9,16.8,20.7,2188,26.8,,26.5,,HEAT,summer,-89,7.5
2026-07-08 08:49:56,61.2,27.1,15.6,19.3,1754,26.8,,26.5,,HEAT,summer,-89,8.5
2026-07-08 09:33:08,56.1,28.6,16.2,20.3,967,26.7,,26.5,,HEAT,summer,-90,9.7
2026-07-08 11:15:30,54.1,30.4,15.6,21.4,340,26.6,,26.5,,HEAT,summer,-90,12.3
2026-07-08 11:33:10,56.4,31.7,15.9,20.8,1958,26.6,,26.5,,HEAT,summer,-90,12.8
2026-07-08 11:45:16,58.2,31.6,16.4,20.8,1945,26.5,,26.5,,HEAT,summer,-90,13.1
2026-07-08 12:00:30,60.4,31.8,15.9,24.4,1452,26.5,,26.5,,HEAT,summer,-90,13.4
2026-07-08 13:21:46,68.9,34.4,15.9,33.7,340,26.7,,26.5,,HEAT,summer,-90,14.9
2026-07-08 13:40:06,70.6,33.6,16.2,34.9,1390,26.8,,26.5,,HEAT,summer,-91,15.2
2026-07-08 15:12:40,76.5,31.9,16.6,20.9,1975,26.6,,26.5,,HEAT,summer,-90,18.8
